Date,Source,Subreddit,Title,Upvotes,Comments,URL
2025-01-29,AskReddit,"Those who currently work in US federal government, what’s the is current mood like?",7670,3627,/r/AskReddit/comments/1ich8c0/those_who_currently_work_in_us_federal_government/
2025-01-29,AskReddit,"I’m Catherine Fisher, a LinkedIn Career Expert. Whether you’re exploring what’s out there or focused on growth in your current role, I’m here to answer your questions. Join me on January 29 at 12 PM PT—ask me anything!",847,335,/user/linkedin/comments/1i3lzn8/im_catherine_fisher_a_linkedin_career_expert/
2025-01-29,AskReddit,You're given a million of whatever you last googled. What is it?,6432,20228,/r/AskReddit/comments/1ichgwc/youre_given_a_million_of_whatever_you_last/
2025-01-29,AskReddit,Why don't highly experienced and internationally educated retired military generals run for U.S. president anymore?,3459,398,/r/AskReddit/comments/1icfpzi/why_dont_highly_experienced_and_internationally/
2025-01-29,AskReddit,Whats the hottest thing your partner does unconsciously?,1195,853,/r/AskReddit/comments/1icfuy7/whats_the_hottest_thing_your_partner_does/
2025-01-29,nosleep,"Someone installed a peephole in my roof, directly above my bed. I can’t tell how long it’s been there, but they've been watching me through it while I sleep.",154,13,/r/nosleep/comments/1icjwz5/someone_installed_a_peephole_in_my_roof_directly/
2025-01-29,nosleep,"I’m Catherine Fisher, a LinkedIn Career Expert. Whether you’re exploring what’s out there or focused on growth in your current role, I’m here to answer your questions. Join me on January 29 at 12 PM PT—ask me anything!",849,335,/user/linkedin/comments/1i3lzn8/im_catherine_fisher_a_linkedin_career_expert/
2025-01-29,nosleep,I inherited my parent's house. I didn’t know it came with a deadly collection,85,7,/r/nosleep/comments/1icgvz8/i_inherited_my_parents_house_i_didnt_know_it_came/
2025-01-29,nosleep,I Should Have Just Taken the Other Elevator,82,7,/r/nosleep/comments/1icgegw/i_should_have_just_taken_the_other_elevator/
2025-01-29,nosleep,"""Don't make your mother angry"" my grandma's last words",79,11,/r/nosleep/comments/1icqc9n/dont_make_your_mother_angry_my_grandmas_last_words/
2025-01-29,AmItheAsshole,AITA for not allowing my children to call my mother “Honey”,3189,2010,/r/AmItheAsshole/comments/1icywv6/aita_for_not_allowing_my_children_to_call_my/
2025-01-29,AmItheAsshole,"I’m Catherine Fisher, a LinkedIn Career Expert. Whether you’re exploring what’s out there or focused on growth in your current role, I’m here to answer your questions. Join me on January 29 at 12 PM PT—ask me anything!",849,335,/user/linkedin/comments/1i3lzn8/im_catherine_fisher_a_linkedin_career_expert/
2025-01-29,AmItheAsshole,AITA for how I handled my son’s girlfriend spending the night?,2594,1144,/r/AmItheAsshole/comments/1ichuga/aita_for_how_i_handled_my_sons_girlfriend/
2025-01-29,AmItheAsshole,AITA asked for my house keys back from my mother as she just lets herself in with no heads up and has walked into my bedroom too many times now while I am half asleep,2577,300,/r/AmItheAsshole/comments/1iclo7h/aita_asked_for_my_house_keys_back_from_my_mother/
2025-01-29,AmItheAsshole,AITA for snapping at my husband for being “forcefully nice”?,2294,627,/r/AmItheAsshole/comments/1icocce/aita_for_snapping_at_my_husband_for_being/
2025-01-29,AskReddit,"Those who currently work in US federal government, what’s the is current mood like?",7680,3630,/r/AskReddit/comments/1ich8c0/those_who_currently_work_in_us_federal_government/
2025-01-29,AskReddit,"I’m Catherine Fisher, a LinkedIn Career Expert. Whether you’re exploring what’s out there or focused on growth in your current role, I’m here to answer your questions. Join me on January 29 at 12 PM PT—ask me anything!",855,336,/user/linkedin/comments/1i3lzn8/im_catherine_fisher_a_linkedin_career_expert/
2025-01-29,AskReddit,You're given a million of whatever you last googled. What is it?,6444,20247,/r/AskReddit/comments/1ichgwc/youre_given_a_million_of_whatever_you_last/
2025-01-29,AskReddit,Why don't highly experienced and internationally educated retired military generals run for U.S. president anymore?,3464,398,/r/AskReddit/comments/1icfpzi/why_dont_highly_experienced_and_internationally/
2025-01-29,AskReddit,Whats the hottest thing your partner does unconsciously?,1199,855,/r/AskReddit/comments/1icfuy7/whats_the_hottest_thing_your_partner_does/
2025-01-29,nosleep,"Someone installed a peephole in my roof, directly above my bed. I can’t tell how long it’s been there, but they've been watching me through it while I sleep.",152,13,/r/nosleep/comments/1icjwz5/someone_installed_a_peephole_in_my_roof_directly/
2025-01-29,nosleep,"I’m Catherine Fisher, a LinkedIn Career Expert. Whether you’re exploring what’s out there or focused on growth in your current role, I’m here to answer your questions. Join me on January 29 at 12 PM PT—ask me anything!",856,336,/user/linkedin/comments/1i3lzn8/im_catherine_fisher_a_linkedin_career_expert/
2025-01-29,nosleep,I inherited my parent's house. I didn’t know it came with a deadly collection,86,7,/r/nosleep/comments/1icgvz8/i_inherited_my_parents_house_i_didnt_know_it_came/
2025-01-29,nosleep,I Should Have Just Taken the Other Elevator,82,7,/r/nosleep/comments/1icgegw/i_should_have_just_taken_the_other_elevator/
2025-01-29,nosleep,"""Don't make your mother angry"" my grandma's last words",76,11,/r/nosleep/comments/1icqc9n/dont_make_your_mother_angry_my_grandmas_last_words/
2025-01-29,AmItheAsshole,AITA for not allowing my children to call my mother “Honey”,3215,2023,/r/AmItheAsshole/comments/1icywv6/aita_for_not_allowing_my_children_to_call_my/
2025-01-29,AmItheAsshole,"I’m Catherine Fisher, a LinkedIn Career Expert. Whether you’re exploring what’s out there or focused on growth in your current role, I’m here to answer your questions. Join me on January 29 at 12 PM PT—ask me anything!",860,336,/user/linkedin/comments/1i3lzn8/im_catherine_fisher_a_linkedin_career_expert/
2025-01-29,AmItheAsshole,AITA for how I handled my son’s girlfriend spending the night?,2600,1147,/r/AmItheAsshole/comments/1ichuga/aita_for_how_i_handled_my_sons_girlfriend/
2025-01-29,AmItheAsshole,AITA asked for my house keys back from my mother as she just lets herself in with no heads up and has walked into my bedroom too many times now while I am half asleep,2592,300,/r/AmItheAsshole/comments/1iclo7h/aita_asked_for_my_house_keys_back_from_my_mother/
2025-01-29,AmItheAsshole,AITA for snapping at my husband for being “forcefully nice”?,2295,628,/r/AmItheAsshole/comments/1icocce/aita_for_snapping_at_my_husband_for_being/
2025-01-29,AskReddit,"Those who currently work in US federal government, what’s the is current mood like?",7693,3637,/r/AskReddit/comments/1ich8c0/those_who_currently_work_in_us_federal_government/
2025-01-29,AskReddit,"Access leverage, hedge your risk, and diversify your portfolio with regulated futures on Coinbase Advanced.",3,0,https://alb.reddit.com/cr?za=xI3VK76XK2qNwjFxW5-rrqHktdVDxpVd6afiq6H3bnoNqyGgGnslm6uVyRW1AL5rWANwqOQEEdUemQ30KTXw1rGn0m3hAodNmJgPo3mknp2XoRW4pBsu1UuHQbKK_4ry_y01FQkzasL83-jur47EleDyzWyPfmH1cyJmupbnldB19yejVf1XUzzjj3euc3SXYD384HNGT9APY7HyFwVKvfo4fnC1uLO-RzxhYT83QyXkHTg8HUSTXN3EPcQRxaow6ITRptJpk1I8HDlDlNBJzkXXYE9KMoUF1uL355mYfKRyfX0BKlgTNPYNUr1kji1KxiMn6vCN8SVlCTmRvLIHLfvUsrNeRmmT0QJtDSLxWHRYNKcN1MPJQ0KGwHsXxETA45_RsHYS8Nas6Y2E6n7D0VKFur7TdLc7QeGvfNsihzgZVnZV5VBflrQdE17FBGdcRWyDgT59D75EXctrNylP_3oEZhXQiA1RiUTxOGYeqshHxVS0ient2wXlkSgLwwKehFIAJS9brADXKfb1T6rTTDiLZouDLTyzPU2ITTqQVjCO74mT78MtBkmGdTS-Tv7espuBxjzrVGA&zp=XLnhzymLXLDm4UiwUSD1XxmJQspDqEpDVyrVjrrjN_op2GZ767WRJ13sUUtWwikWNskkUcG4pgmqqdzKAwuxTrXVEkxmxFdJiv_7YLZ5LFA7aolVRwmGwKxkeBqLF3c3gospAdjoTRohMs73TH8-6pguwU_gPg3QpZEm7i-0pPfYVWHVbWcpvjibQFed5HnFI34VWLHgdEfNESEz1YMCXoCzQLhHSrgrCRglYeFyGQXOfG394WaSwTMJjWQZe0zsLJv2AEFn4EDOFkRi5KNH03FpBVfCJE-2PKEV5Exa3IZP
2025-01-29,AskReddit,You're given a million of whatever you last googled. What is it?,6451,20279,/r/AskReddit/comments/1ichgwc/youre_given_a_million_of_whatever_you_last/
2025-01-29,AskReddit,Why don't highly experienced and internationally educated retired military generals run for U.S. president anymore?,3474,398,/r/AskReddit/comments/1icfpzi/why_dont_highly_experienced_and_internationally/
2025-01-29,AskReddit,Whats the hottest thing your partner does unconsciously?,1203,860,/r/AskReddit/comments/1icfuy7/whats_the_hottest_thing_your_partner_does/
2025-01-29,nosleep,"Someone installed a peephole in my roof, directly above my bed. I can’t tell how long it’s been there, but they've been watching me through it while I sleep.",153,13,/r/nosleep/comments/1icjwz5/someone_installed_a_peephole_in_my_roof_directly/
2025-01-29,nosleep,Don't let your side of celery be neglected. Save it with Jif.,•,0,https://alb.reddit.com/cr?za=qM4GBcSSsy5xxeYc0ODnJnvKRO46dPkJwWSgM87hliSjfmvtpIaD0x5--IfYcG2x8O5eaAUi4JnHRrxtnrh0WUaMZFe1DhNQ2Ki_7STp_TzSWA-1PDZxsTMo_clkTk8RNL3M2dWxQ9Kf3UPnBPQOZ4ZORmLsx3iWGv_y7E3xR0Xf1y71cMfipIF0Ehx2QOez6_9hWIvm3R8GCQDH2MNjRJqaWCCXzZdvIK-GfPqndN7gCnB3Mstiw8h1T89b7Ka7o8vDn2se69vcMF7XaKFiC1P9P4f9z0_fglaloUqzzq5P6FQ35G0EXI4gltzJ-B87i5Sn-C2WSyZNOw915yV64yg5hCR9cjBxhxPbb7LNkX7HieP_zCgOtVaBMAqPRh6_KEbNRs9ZmpIGZf4EP-MyEq1qGPdZR9og6olFuhrPc3hawS-VimaoVNf6UoSwqLeIQOjBI5jWOY6R5yLHS67YChGP8cF1EFuDDbnYrRrVYv8UGf3WWzmJEF4biOXxXtGbAhRx9sa1AlWuQKGVImra25HmBq6luL6byRKXpZVVvHpSejl3aQ2M3VxV283Z-iIalA9u7A&zp=3RXI42S4Aw_kgr8jeLnCfvEUdS_BtJwjhMz8efGSCdjlLQ53g66_fw5xry7BolOuzMiIKfOs5yn27OxliqA-Nf7ZCLbsNycfrE-a9FJ-CyBRv__3DFr_qwJX-p72nYGpgA_1Pt2VsHeXq1vrbqpgYWGNkLvNPbkbPw52Dty2xlHuxk775HU1TsKXZouPwz9kulmcQ5l_BUHog2Pn_k4fVRlKoiWpK4HqIiPV1iLsE2O3NGZRvb-TUW-Tkwjz5tMnkECRvtXfZ2I7sfKHdCTy9PwCYSt0e2c2hUYgcrse-kojbLXpWjl0gfOzM2vRXv1aQZceg2Vg6aYOOqpL6Ut0--U-9bT-KcuR8b-LlTaCT0LdmcgZVntm7I0s3foimyaOzGjlBllmaaL_yWTLivBUm-Yu_9HEcBhDL3wadzSTcHi6q49n0cZPALN-y2FTDAYF1rjzu4DvzwiN3Al1X1__lDvIlQjkqxoBDzQygbZ-YrXhdNA_UDppFTMubd95evDQn_UkkjHwS00KEQ8zqlQb8aCJDyQsod_MEpub
2025-01-29,nosleep,I inherited my parent's house. I didn’t know it came with a deadly collection,87,7,/r/nosleep/comments/1icgvz8/i_inherited_my_parents_house_i_didnt_know_it_came/
2025-01-29,nosleep,I Should Have Just Taken the Other Elevator,82,7,/r/nosleep/comments/1icgegw/i_should_have_just_taken_the_other_elevator/
2025-01-29,nosleep,"""Don't make your mother angry"" my grandma's last words",80,11,/r/nosleep/comments/1icqc9n/dont_make_your_mother_angry_my_grandmas_last_words/
2025-01-29,AmItheAsshole,AITA for not allowing my children to call my mother “Honey”,3251,2039,/r/AmItheAsshole/comments/1icywv6/aita_for_not_allowing_my_children_to_call_my/
2025-01-29,AmItheAsshole,Diversify your portfolio with crypto futures. Now with 13 futures contracts on Coinbase Advanced.,3,0,https://alb.reddit.com/cr?za=tv4XFp8QJ2VialK0D8DZKStyXnJW9awRVMTAI4MNXxCTc7K5uJ6omfoVV00FB3vDHjs9fLsSiM7CqhJCLH5HCJpsT3ALiA0yR247VOCTTfp5EIpW72XltMOZhJvZixMat2pEgM1PdLY-eQQN5ocANhyGk3QwirDB_1Z12NQcPQZ2D9yYpFGgJzQp2mvR_V7dm2flC_6TXSjLgq0tq635dwyvUBOPQyjuB7NBn9xWb3lJYx95ClHeQvK-Nx9WovVYksLvjcbFYo0RyIC8A8E9mqVImrJ9HhJB4xvP3yJMxkxcVA7z9P_Fu7TrMGT6bUwSerqu9aP3nPXvQzuAAZHoWj56uPQALVr4EZJLdDPUsv6gGiqYi1itNHwleXIUnsSt1yygf4TzZwd6g1r0BedZp16qZL1AaQHQpfENXKF4GZAv7bLJGALRbxJ1Y5eXH6IHvo1S0aFePO2lIqLZEGptjEIAqxtL4DGZ71Y8UiQUqBpar1f44XTmRC3THc8IXrEi6V1upXkRjEEzA71JiOJWHbX53q2Zuvx_8k5-c0jWuX--roftX3Pck5hQR_012e7mvurgi5-ozuSGFCM&zp=HhaD-5chWkV_yTei_QdaVmlU_TUyNHmsaAW4UCsEO0I7sEdLKyj7bJFyu_OkYk8nx8xYV1qb331cHEeRLnJGmyR3XGwjnrDtUMWyS2riGCr8ApD44ajfIZpmRBgsQ_j3unuCP3f1_1OZCgqeWp_UqZBx5kuBkqxx34Q3l4MSYXzm60LbLio3RMNrdYrSZ-J4eSwQakMsxCenn0gQxkz3KxnAv0YWZWOU3cS0zMyknNSXajVwNaB05N7DFXvVMYpwignMJAeKYCJA1xjqDJwCK1Mv5mYcz97YrrWCgQSSUoXR
2025-01-29,AmItheAsshole,AITA for how I handled my son’s girlfriend spending the night?,2600,1150,/r/AmItheAsshole/comments/1ichuga/aita_for_how_i_handled_my_sons_girlfriend/
2025-01-29,AmItheAsshole,AITA asked for my house keys back from my mother as she just lets herself in with no heads up and has walked into my bedroom too many times now while I am half asleep,2607,300,/r/AmItheAsshole/comments/1iclo7h/aita_asked_for_my_house_keys_back_from_my_mother/
2025-01-29,AmItheAsshole,AITA for snapping at my husband for being “forcefully nice”?,2309,630,/r/AmItheAsshole/comments/1icocce/aita_for_snapping_at_my_husband_for_being/
2025-01-29,AskReddit,"Those who currently work in US federal government, what’s the is current mood like?",7705,3642,/r/AskReddit/comments/1ich8c0/those_who_currently_work_in_us_federal_government/
2025-01-29,AskReddit,"Access leverage, hedge your risk, and diversify your portfolio with regulated futures on Coinbase Advanced.",3,0,https://alb.reddit.com/cr?za=pPqg6gt5l9Qd9EHDXkTiqr0IQHbXXZCltj6_FU-i-w3Qx5KRavEoL9Te4kCwarWvK1W-U-WWylgda37Htd4_2vcnSruLQVLki8EEdEA1lA8leJt-SmAy6-TINwaYYJb_ESdppkqWj3wqsug6mX4onpDG94wVGR32Drh7K7OwW_W5l3HdGlLGi7mihPgVQfWKGLh_QZ7Mvo7Hj3r2PW3W4eTbf5rqH70fRuBIjT6lyi8Xb3WzRRnM8FU662y18qlRoSyYH-rGgtoyCj62XE79L451NWxYiYa5lbYXt8Brqh3LIM1eTYojjFXsCoCsu-B0DTscwrp5-e4Y4I77bPRM53oelPGxMahFWF5-gb-ugxzO9ok6ZemNy9izDi1lj9quboHnJd8vF82fbOCD4mIuy3JUjXh01aI7ZY9ycq64PYrTKLUR2kO-C_2359DqF2KRH5DQE0Nxjm205bj8wwTp4j6iDpPgp3P9KAP1gq2daTCm6qtUiNK-G63rexd5ShSu8QWUx16xkKFD6uNvqnExgEBbPF5GTiMtXMJXcVzEsdsEnHE&zp=Ust3Bcuz3WeL66Lr_21KERQGZXdeXfKEQWtfo0ZtNXU2OUG1VCqz5DtC1h7NjWFgrWGotLqCahKEhOn8gh34DvRahhUP4_7988K5U0L2a-txUUUajYGpsRNSWoCzPZc6h7_jko-O0bMyvD_NTS30l-itCgqb6UwHwuHupmO1Gp8rD--d7qLql6FrKd318QhwlEQgoz6pHRqUM8oo9OmFF0twoVeBtBddv1fSAQdg83gTrcAVZsvQoRjV1dx68H5zSPSGVi5_Z32KMkthAFXTfxWJUab2mXH-rOF2f8UzK4OF
2025-01-29,AskReddit,You're given a million of whatever you last googled. What is it?,6445,20296,/r/AskReddit/comments/1ichgwc/youre_given_a_million_of_whatever_you_last/
2025-01-29,AskReddit,Why don't highly experienced and internationally educated retired military generals run for U.S. president anymore?,3477,398,/r/AskReddit/comments/1icfpzi/why_dont_highly_experienced_and_internationally/
2025-01-29,AskReddit,Whats the hottest thing your partner does unconsciously?,1207,860,/r/AskReddit/comments/1icfuy7/whats_the_hottest_thing_your_partner_does/
2025-01-29,nosleep,"Someone installed a peephole in my roof, directly above my bed. I can’t tell how long it’s been there, but they've been watching me through it while I sleep.",157,13,/r/nosleep/comments/1icjwz5/someone_installed_a_peephole_in_my_roof_directly/
2025-01-29,nosleep,The Capital One Bank Guy makes it easy to understand banking with no fees or minimums on checking accounts. Member FDIC. Terms apply. Click “Learn More” for details.,•,0,https://alb.reddit.com/cr?za=JulQkHyLqEyLENKoWpYniMB8K_rvJvCeGNsDUFg878UJB3vuD1vPuKRqXdMIYnMPu27Mvo8JTFtbtSuVP6UsXVVYPQoxod4Ye6NBOgJLy2HDIhwRkoynRNRWrAuaDpfTPVD4AmK9tryr-y3t4VFWi0guFLzwSFjRGZkU3lih6d1zp6zbIkJUyrLBHl9NNCc91AIXc7UCbINF9zf5uffY_E2xGqeAF9ClgTE7oWe7tCa20BCO4rx9W1Q6RdSA0f6nkKBjX13Qun8Lhr41JI8AOrUF8wqMwhUN7NhrL1lSSCl4puFOsdh_mghdVVElLN7As30M4bjQJ2A5yaCf9WV1IGFW-481zvv2abvKoWkG5iJGyCdV-Wb-GoIScnStDXU5XuYSRzDMK6CwnbhSiKIUxVzcdAQo6OW_7NfBPkQd7izfxY9--KhnK7gm7LxOb98ir1aGYZ1gpCCzp2k6cP2rLwFKBFjfhKPjZfNxmz3fGjMDrtif8mX_ziZ3vtzkkcZvpVm2VlWvnTgTA369PLrxt5i5wVL3hop0U1Yx_O0X6WBZMSBWtk4w&zp=cI2EzD3tZSFU9iuj_Z4CHEQ_uYnCdY3hqVFJ0MKUwwWuT-NV6CSZCiXeYv-V2ITzuHCuMmNEqGSHZwDveQuWxTbMVwruSHj8eSZaaOlaEuQhIoWuvJGl-zQDyC_WPj3EujKhtKB8G6FVB0WosrcwTdetoSW2msp7nUZAaoZPHaszr3B0Jdxc7SWSuymqRt_22XFNbRMDbIQjuputh6eSw3buaH6oqXRh5sx51kvMbxLMvZx4T2D8EDHS0Jp4FKCj54Y0zHrWJ7fqW0FpJkD7KtVzpIGu_cxet92tfXmW2dPJ5MjsjzMDeuz9-_ZD_9blgvgP5uQtdCRtpOxC1B1YjcBns_ti17sJufEUta4wv5v0AHNFa_vya_ysY0gGVDhXtPXJ9mcZXAdsHgc
2025-01-29,nosleep,I inherited my parent's house. I didn’t know it came with a deadly collection,85,7,/r/nosleep/comments/1icgvz8/i_inherited_my_parents_house_i_didnt_know_it_came/
2025-01-29,nosleep,I Should Have Just Taken the Other Elevator,82,7,/r/nosleep/comments/1icgegw/i_should_have_just_taken_the_other_elevator/
2025-01-29,nosleep,"""Don't make your mother angry"" my grandma's last words",80,11,/r/nosleep/comments/1icqc9n/dont_make_your_mother_angry_my_grandmas_last_words/
2025-01-29,AmItheAsshole,AITA for not allowing my children to call my mother “Honey”,3267,2044,/r/AmItheAsshole/comments/1icywv6/aita_for_not_allowing_my_children_to_call_my/
2025-01-29,AmItheAsshole,"Access leverage, hedge your risk, and diversify your portfolio with regulated futures on Coinbase Advanced.",24,0,https://alb.reddit.com/cr?za=i5EmckL8n7O0HUt9mGTM8TKJZ1lEYQL6u_oC0_O72Aui2xx2MpeiI01G8WkYtmIDyJ9517ShCbehCd9jMbomBAGfpQ-cFAmb0zzyPIPLhBVppxJLh3sUu2a79BBSor4m0mOwKnc1YLrQs1gNmWVTGEuDX2kZenGD_8rM7-53NDlSdmGBlsizxQ3OkISJEVRoZr6Hph7_5Eluv4ebbJeyBDZDOcSZbexs6jFUsjT1Dv1AqXXd-El22f0-WIcjgQBhVsQH6zV2_UTr_So0Scdb2nJ6rTXI81AAhqTfcuewfeVE4g3qsCLZGVGzRJOwaoTJl6SZi61U_k70MQ_30LK3_6QdPJ5HtCvFpf82Q3Mh-Wuj2lxucdeNIzkyVthublwNFWOKO8T0-3qtDY6xQdlKqccGFMjUI0PbUN61yhZFduND7yyKVH0ZCxB3Q4d_npOMXDf6JsErEqw52J15qJ46QyQNxWtR87QKeyysE77sar6_5nupM0J30DhXR2eDs0h1rG96ytfzLeJFXqrn8dHlMOCjtsTYg8iLElalcUryTRY&zp=eUlu6Nw_O6dalFpt0FaOOCZzLdKFWhVYFfmV_miVDVx7esIR5zmAtc9S7-APmGmL3AzaYquqmRokgPzzeUELCsN8zmZMKebBfyPwxSyI3BleyX1UEqrc1K1XgAMdVq5RnTOCcZF0N99DQ1PPgqkfaAzY2qjf5gBJcgN3ga2SNFjn7ibLP_GZ2Fw4lz74hdvOMWb3lHYld93AqLMq2UAeUBgJzgBa1rAFRnQQFutTKy66_MBd8oew1QXGQPT8KDOJzwxR7RiYWEo3G7EPC372KvrHA_I4WXPGUQga98STq3O0
2025-01-29,AmItheAsshole,AITA for how I handled my son’s girlfriend spending the night?,2608,1152,/r/AmItheAsshole/comments/1ichuga/aita_for_how_i_handled_my_sons_girlfriend/
2025-01-29,AmItheAsshole,AITA asked for my house keys back from my mother as she just lets herself in with no heads up and has walked into my bedroom too many times now while I am half asleep,2621,301,/r/AmItheAsshole/comments/1iclo7h/aita_asked_for_my_house_keys_back_from_my_mother/
2025-01-29,AmItheAsshole,AITA for snapping at my husband for being “forcefully nice”?,2322,632,/r/AmItheAsshole/comments/1icocce/aita_for_snapping_at_my_husband_for_being/
2025-01-29 22:51:20,AmItheAsshole,AITA for not allowing my children to call my mother “Honey”,3512,2139,https://old.reddit.com/r/AmItheAsshole/comments/1icywv6/aita_for_not_allowing_my_children_to_call_my/
2025-01-29 22:51:20,AmItheAsshole,"Access leverage, hedge your risk, and diversify your portfolio with regulated futures on Coinbase Advanced.",25,0,https://alb.reddit.com/cr?za=jrSOJTYgbGY1CnRtYauGcU4-t_KTXO3BUnKoyHGbMG34rwFO9vQI79G0nywE0crEPWJ26t-cbeLoiaakjcDRnjJTAFjOaa42Cpziw9oZnp0w51CBV5NU7_am2S-TeweaQ5JKkNfIc8btPBsdMoJGaaPmKxrUg_SS2jrrssw1EHZFdASWYb_oNwTQ5uFelQXNvRyS6_NJgpCtOz_lWxG-S0TxavKVts9RYDpYgbULUUSQfLY9NsyQJXIZXjeB7bvnQSg3jaOUsRL4mcGETai5S_QohH_Sdu4nj5-XGm5egmvokUcWXx4eAkw62ZVvqauwyAwMmU-BIItbwKvU_M5ESv6BRvFhy4hdbqJfTHMLnQh3Or30IG4BLbyH4NUlGWjtTCVnkhVmkfRQPcq27MomW339eylK5Yah_8hHm8bqXC9XOOB5QYzutA50_BM0qg-gQEKGSfIyFkIKtyA_rn7bFu7XIq4U_Go6rkg3MxafL8ckrvtC97ZC5iXz5ItyTkIFKHasv1gW46GHfeVH2MZUVZ8fGQbM0_9l5Mcqs8brOBl0PhDpN7t1607tBg&zp=ua6gNx9Un2nDvHYkCr-Vli08U64hFQI2n1BXtBffG66WxNkaML2Vm_-IY9NU1YfvJus4m39oV52fjYoBcpVwHl6Ko1jTUViclVT6Djk58AJt2Na4IuyhHTvlvUKZITuudLv6rUt-yoRIoUsGm-YdWMXM_zAxEkh3ANULpvf8nPUsQ3H-sTZddqxhQpkam1GIJ57MMwCyRJ0w5HgxN2YORX4vhKjVmEAC1QowPhvgDcwiVzVSirphvIX_13B04OwLwFA8Bzk_4RHkApr5fbMlkKXm4uqMJcW4MzD5Mgcrapfv
2025-01-29 22:51:20,AmItheAsshole,AITA for how I handled my son’s girlfriend spending the night?,2651,1164,https://old.reddit.com/r/AmItheAsshole/comments/1ichuga/aita_for_how_i_handled_my_sons_girlfriend/
2025-01-29 22:51:20,AmItheAsshole,AITA asked for my house keys back from my mother as she just lets herself in with no heads up and has walked into my bedroom too many times now while I am half asleep,2713,304,https://old.reddit.com/r/AmItheAsshole/comments/1iclo7h/aita_asked_for_my_house_keys_back_from_my_mother/
2025-01-29 22:51:20,AmItheAsshole,AITA for snapping at my husband for being “forcefully nice”?,2396,644,https://old.reddit.com/r/AmItheAsshole/comments/1icocce/aita_for_snapping_at_my_husband_for_being/
2025-01-29 23:16:35,AskReddit,"Those who currently work in US federal government, what’s the is current mood like?",7857,3697,https://old.reddit.com/r/AskReddit/comments/1ich8c0/those_who_currently_work_in_us_federal_government/
2025-01-29 23:16:35,AskReddit,Don't wait 20 years to have a conversation you can have today.,0,0,https://alb.reddit.com/cr?za=4trNeAf9gjGdXDnq2gWWQwfyyBvca9kvHwSXuQsuOXSnuL1CSygc564UZ0tGvUw9ebs8Ry8L8ELqoc3KHgTmuIiDZA_N_5BMxzE82Zgz9Xkouyux4qK7ftflSvlZXJ_c0RC8GF8ToRWlFbyOMG7kM3aa6Qbt6JpItJOqwlEPiyk-4tTR-zJxBE1OBo7hECXCYwkCftnJs88ACzRMESvx-CQb1zLWgxc9-h8va7qOeOw8OH-N49eH9oY4KTy0WGnH9eS5g5wPKeRU0zS9LuRMR50tf77vz0fqSNYBBPT3_zGxoVLsVM51SGmkx4rx0YA276aUZRpl5tQNznhULu_g3syBlCFlBkPRA4ctjGzLfWN_JMC3JovfAXpRckWJsglG2cB7r0sH-Fvqp4DChKiEJidpk5KzXPit5ME-gv3LG_BYq2cdpkc5HNLgbwWTlUQLua4jJlsEZRe_DwsA13TUtIpVugrk4B5ufror2w1IHjFvq_alNdxjre024HpHA-Lp768aEZAjAAYxYXBhjIffyHUsYaFxde8I2qvmXlTl&zp=yoci4IRii0UwR0wmB9aID0PeclJ_GyvziQnLgGQIWo7irt5BRYVcXX6P5_MiJ3vee8G9OITzihyZfjTrpJb6oOh653uyAK77dHg3mwtKqsdeKulgzgTmtBymzUOcukU6BVaqapHjk0jCxb9mz6I9rXXZ8J4KyXW0PBkTaDuoO7fH0HcztNg
2025-01-29 23:16:35,AskReddit,You're given a million of whatever you last googled. What is it?,6586,20663,https://old.reddit.com/r/AskReddit/comments/1ichgwc/youre_given_a_million_of_whatever_you_last/
2025-01-29 23:16:35,AskReddit,Whats the hottest thing your partner does unconsciously?,1271,909,https://old.reddit.com/r/AskReddit/comments/1icfuy7/whats_the_hottest_thing_your_partner_does/
2025-01-29 23:16:35,AskReddit,What is something you wish people in the world were less ignorant of?,588,674,https://old.reddit.com/r/AskReddit/comments/1icygar/what_is_something_you_wish_people_in_the_world/
2025-01-29 23:16:39,nosleep,"Someone installed a peephole in my roof, directly above my bed. I can’t tell how long it’s been there, but they've been watching me through it while I sleep.",161,13,https://old.reddit.com/r/nosleep/comments/1icjwz5/someone_installed_a_peephole_in_my_roof_directly/
2025-01-29 23:16:39,nosleep,Fuck HIPAA. My new patient lives in a basement and the reason why definitely shocked me.,115,28,https://old.reddit.com/r/nosleep/comments/1id2nab/fuck_hipaa_my_new_patient_lives_in_a_basement_and/
2025-01-29 23:16:39,nosleep,I inherited my parent's house. I didn’t know it came with a deadly collection,86,7,https://old.reddit.com/r/nosleep/comments/1icgvz8/i_inherited_my_parents_house_i_didnt_know_it_came/
2025-01-29 23:16:39,nosleep,"""Don't make your mother angry"" my grandma's last words",78,12,https://old.reddit.com/r/nosleep/comments/1icqc9n/dont_make_your_mother_angry_my_grandmas_last_words/
2025-01-29 23:16:39,nosleep,I Should Have Just Taken the Other Elevator,83,7,https://old.reddit.com/r/nosleep/comments/1icgegw/i_should_have_just_taken_the_other_elevator/
2025-01-29 23:16:43,AmItheAsshole,AITA for not allowing my children to call my mother “Honey”,3720,2206,https://old.reddit.com/r/AmItheAsshole/comments/1icywv6/aita_for_not_allowing_my_children_to_call_my/
2025-01-29 23:16:43,AmItheAsshole,Lead heroes on expeditions to find and defeat the evil threat growing in the corrupted Shadowlands.,0,0,https://alb.reddit.com/cr?za=1h0ljFv_BMEl4tZjyHI-oNkCggoKq8m81_-FYHYD6lEgRcCAZnlxgs8YNUCmmzrJ8IW4lbZQIumi_OXRGmxXlNNPAnAtrKhw3HvIlWdt9h1wkP9BU5w3Xl8Q-K_1ACj-slFTIdTYvA6yjtgbpXPy6Y5IbrVS9f6OC_b76-WKMhG2VhpqnTcsISMLFgS-ygQbHlR7msRG39y9yOwOS861oqDJO1OHSK7-J_Rxo84JthfSFNXH5rzqYEQG-ulB0cCatx9AWgN6Vr5-rL-tbTdh-mPfbKbcgsG3IsftUDhHOtIzUN0nkkuD-kmADuykF2SfPA6G2qQwy71_495VR3j8j8IYLebEZ5fjcBY614ixjTpD24vq_Fq9tdAWIQOW1_iH8O2QEbb01yE2maGUA30fvPp05msnYDuTz0Lzd4ukiM9vCyJQVRJUyYvjcGfVsxI0aWJfvv6Iy5l7FYAu_Zde-KHMy5uqMWtDYUcoHCXRjukKI8Wn9vgm9wD55WDlaGUXJoNyiTouaGY&zp=1F-BWedUMQfN4bcdW80cCI0XijebJvaJwpM2r5XXv7jT6rJPFwDct38_w5CItav558WL3khFhEZFeSp1WFj2IFWoP0A1eoEzxyuAvPi_BSirgRWX8IHaePx-icdyOuLQudZ9Q1dqh9vNphefz4IzYrYyoGG3hqKtvLxIO6lDCrsnQqml5Kp2h35GFfLFgB54kwZwdcRnYhQLE2SQnmyaQf5KyGOqjQc2qGIe05r0QDPWLwD7LaKcIGeRCudhzFYiMzRSWSFMql929pmDbUrxVe_dAor7VGk_uzSBXcJgk9jnEF5QyqGr5Br_HnnxIkADlW8nVd0-1trC12KQG7lZEibl9hpAUBnqz_MI57HNxA
2025-01-29 23:16:43,AmItheAsshole,AITA asked for my house keys back from my mother as she just lets herself in with no heads up and has walked into my bedroom too many times now while I am half asleep,2783,307,https://old.reddit.com/r/AmItheAsshole/comments/1iclo7h/aita_asked_for_my_house_keys_back_from_my_mother/
2025-01-29 23:16:43,AmItheAsshole,AITA for how I handled my son’s girlfriend spending the night?,2678,1170,https://old.reddit.com/r/AmItheAsshole/comments/1ichuga/aita_for_how_i_handled_my_sons_girlfriend/
2025-01-29 23:16:43,AmItheAsshole,AITA for snapping at my husband for being “forcefully nice”?,2453,665,https://old.reddit.com/r/AmItheAsshole/comments/1icocce/aita_for_snapping_at_my_husband_for_being/
2025-01-29 23:22:05,AskReddit,"Those who currently work in US federal government, what’s the is current mood like?",7876,3700,https://old.reddit.com/r/AskReddit/comments/1ich8c0/those_who_currently_work_in_us_federal_government/
2025-01-29 23:22:05,AskReddit,Diversify your portfolio with crypto futures. Now with 13 futures contracts on Coinbase Advanced.,3,0,https://alb.reddit.com/cr?za=grpI35Rf0o0l5uYWR82KKoBROYdTJiM6OXuz7fhHlsTJjLAl3OjwJapftdwejPJZ_nuxmj_kYrE_S4u0EIYwwbF9EY7mAslf4UgNBF-tALfxazT-w20yzF1Q6giIatb1ebcB6xuntDFaYvQTJb51N6IP0bE32Y35bs2ozepBLaEXJJwUG0Xi01TNEy57G_-bKCdDyvjfGMX6A1s4fufnEuGV-DPxjpXIDWKjfXDiTWUKc4rZx7ZhnqenKFS4zx4PvcIzI-49NHvPCTP15rOsxF3ozHQFgYGPHn1L0iqX6MlzA-5NlxLvfkV11pDCBAeQoR8BxcpoVQb2TmpQMv6vnvZ97avjhmYTbS1QZA51tE0qSi6ZZ9euhyBj-JOdcMual8CszTVrJKRUV6CdMtbkFpSYbSDEa7DJFH81S9-bXMrp2-ZswAzZMCPtegxB-kkcCWJlAorchjGdVQW0yaSdOlfLh_RstFDFlihfzLpJgYGxiQk9mC_WQR8y1WHqU6w5Hl_7mq7tYDlUOpuFhLcgFCBfHONerGZIkZ6Rn5FhtEpvnuPah8zQvdTcfdKdE6xnz_itzfw&zp=CL0PKI05UhUORPDReg0iZL227pjbnZteMFIU7tjw6fTOgB6ccJkmCY4cOiPaCQDcl1HAaK5MJ9hsTQEw335E1Hv0UICjbgrLh4UYGnMvE0O8yPSo5JwmZr9mlng1WRnnKs3Z1xSbkgyR1rPHi-VGODsxAc6xWmJGfFGFsrmj0WpyAeHqEK72M7B0CJnhpVHyD1k5oj1ZR6T6eql9DzhYIuPYNYn-e6p5UIyTs9IFcuxBCfXR_X61F4KXhHQwggRkEmfnlgBMndIFMu2xWmeBvfU2fn8uT4fBEQORvyKGIkmD
2025-01-29 23:22:05,AskReddit,You're given a million of whatever you last googled. What is it?,6592,20697,https://old.reddit.com/r/AskReddit/comments/1ichgwc/youre_given_a_million_of_whatever_you_last/
2025-01-29 23:22:05,AskReddit,Whats the hottest thing your partner does unconsciously?,1281,915,https://old.reddit.com/r/AskReddit/comments/1icfuy7/whats_the_hottest_thing_your_partner_does/
2025-01-29 23:22:05,AskReddit,What is something you wish people in the world were less ignorant of?,590,676,https://old.reddit.com/r/AskReddit/comments/1icygar/what_is_something_you_wish_people_in_the_world/
2025-01-29 23:22:08,nosleep,"Someone installed a peephole in my roof, directly above my bed. I can’t tell how long it’s been there, but they've been watching me through it while I sleep.",163,13,https://old.reddit.com/r/nosleep/comments/1icjwz5/someone_installed_a_peephole_in_my_roof_directly/
2025-01-29 23:22:08,nosleep,Fuck HIPAA. My new patient lives in a basement and the reason why definitely shocked me.,120,30,https://old.reddit.com/r/nosleep/comments/1id2nab/fuck_hipaa_my_new_patient_lives_in_a_basement_and/
2025-01-29 23:22:08,nosleep,I inherited my parent's house. I didn’t know it came with a deadly collection,85,7,https://old.reddit.com/r/nosleep/comments/1icgvz8/i_inherited_my_parents_house_i_didnt_know_it_came/
2025-01-29 23:22:08,nosleep,"""Don't make your mother angry"" my grandma's last words",79,12,https://old.reddit.com/r/nosleep/comments/1icqc9n/dont_make_your_mother_angry_my_grandmas_last_words/
2025-01-29 23:22:08,nosleep,I Should Have Just Taken the Other Elevator,82,7,https://old.reddit.com/r/nosleep/comments/1icgegw/i_should_have_just_taken_the_other_elevator/
2025-01-29 23:22:13,AmItheAsshole,AITA for not allowing my children to call my mother “Honey”,3758,2228,https://old.reddit.com/r/AmItheAsshole/comments/1icywv6/aita_for_not_allowing_my_children_to_call_my/
2025-01-29 23:22:13,AmItheAsshole,AITA asked for my house keys back from my mother as she just lets herself in with no heads up and has walked into my bedroom too many times now while I am half asleep,2790,308,https://old.reddit.com/r/AmItheAsshole/comments/1iclo7h/aita_asked_for_my_house_keys_back_from_my_mother/
2025-01-29 23:22:13,AmItheAsshole,AITA for how I handled my son’s girlfriend spending the night?,2685,1170,https://old.reddit.com/r/AmItheAsshole/comments/1ichuga/aita_for_how_i_handled_my_sons_girlfriend/
2025-01-29 23:22:13,AmItheAsshole,AITA for snapping at my husband for being “forcefully nice”?,2464,667,https://old.reddit.com/r/AmItheAsshole/comments/1icocce/aita_for_snapping_at_my_husband_for_being/
2025-01-29 23:22:13,AmItheAsshole,AITA for making my husband leave work to return my keys,2334,680,https://old.reddit.com/r/AmItheAsshole/comments/1icg6ll/aita_for_making_my_husband_leave_work_to_return/
2025-01-29 23:40:34,AskReddit,"Those who currently work in US federal government, what’s the is current mood like?",7921,3722,https://old.reddit.com/r/AskReddit/comments/1ich8c0/those_who_currently_work_in_us_federal_government/
2025-01-29 23:40:34,AskReddit,Share your opinions online or in-person & get PAID! Help improve products you use daily.,0,0,https://alb.reddit.com/cr?za=PVkIzdAIZ44D6vllbkNw4aAAyMwjJfAY6zcMZ_v-HkDeggkIJ7LKbjORJxewHWBgxRx9O0fGwi_aeoUVNW9r5YOw1eXK363Rh1bBm_cAeJQFV2oXVcwM1Hm1os31AUTK0dk9KhnhFWQkjgtUuZBdEdNTIVt9v8JAbLuf8zVRGIW_YCka4Mm_GShLzVLMbtYEsd6meNRuay2sCVQ3o2NMVsFICkAdq23kuMiOOz9lKs0kt60vqO7316ym372RC7mGZgE8FaE5KaIXd3Roa6XMND2ANAdGnlugSphvJLW0hl-36Vc3ytCGTGu8SAk2Q_bv1B0nhIZBe9-n-2SlbBdDc8wPZdq61YuopDT6xbwIS67VjCBG-PYVPS2L-a5y6Bw-HCJVWH26YPlm-Ux0QLw_tPwSYAHNf7JS3MsnlR7Ach2U5PFXoO-zSOEWKc2uoErzKpKbEKv4pWb2aTE4gNEa6iYbQhxCOqLZobx0t1AaI7ogQ4LPjnynPUM0PEAtvzJ6MtIAStAncE7ujrCtdv8HbZgpwC_qPGjYgN_G38yxmAslOjDGarho9Ep6ioL95iUqKcNQC0uGZYY&zp=A2n8hAjSM2UNHSvvjzUic4Tbw50YZVWGitdamiJFnwZB9_dqcIcDiV2GFJoN-pI74vJ7l-ePlkYSUtUObEYsRE3Kf8hDWrfDKv8qb9qO12q4ks0lR2z_lTEeZkTAzTjQ0kJumgNptruhncB6qhectFfI11NbS_IVHnxq4tOUGhT0lzwcGD1fQGPku5_uucVohaxFXzeU
2025-01-29 23:40:34,AskReddit,You're given a million of whatever you last googled. What is it?,6634,20800,https://old.reddit.com/r/AskReddit/comments/1ichgwc/youre_given_a_million_of_whatever_you_last/
2025-01-29 23:40:34,AskReddit,Whats the hottest thing your partner does unconsciously?,1296,937,https://old.reddit.com/r/AskReddit/comments/1icfuy7/whats_the_hottest_thing_your_partner_does/
2025-01-29 23:40:34,AskReddit,What is something you wish people in the world were less ignorant of?,617,696,https://old.reddit.com/r/AskReddit/comments/1icygar/what_is_something_you_wish_people_in_the_world/
2025-01-29 23:40:39,nosleep,"Someone installed a peephole in my roof, directly above my bed. I can’t tell how long it’s been there, but they've been watching me through it while I sleep.",162,13,https://old.reddit.com/r/nosleep/comments/1icjwz5/someone_installed_a_peephole_in_my_roof_directly/
2025-01-29 23:40:39,nosleep,Fuck HIPAA. My new patient lives in a basement and the reason why definitely shocked me.,127,31,https://old.reddit.com/r/nosleep/comments/1id2nab/fuck_hipaa_my_new_patient_lives_in_a_basement_and/
2025-01-29 23:40:39,nosleep,I inherited my parent's house. I didn’t know it came with a deadly collection,90,7,https://old.reddit.com/r/nosleep/comments/1icgvz8/i_inherited_my_parents_house_i_didnt_know_it_came/
2025-01-29 23:40:39,nosleep,"""Don't make your mother angry"" my grandma's last words",84,13,https://old.reddit.com/r/nosleep/comments/1icqc9n/dont_make_your_mother_angry_my_grandmas_last_words/
2025-01-29 23:40:39,nosleep,I Should Have Just Taken the Other Elevator,82,7,https://old.reddit.com/r/nosleep/comments/1icgegw/i_should_have_just_taken_the_other_elevator/
2025-01-29 23:40:44,AmItheAsshole,AITA for not allowing my children to call my mother “Honey”,3912,2294,https://old.reddit.com/r/AmItheAsshole/comments/1icywv6/aita_for_not_allowing_my_children_to_call_my/
2025-01-29 23:40:44,AmItheAsshole,AITA asked for my house keys back from my mother as she just lets herself in with no heads up and has walked into my bedroom too many times now while I am half asleep,2832,309,https://old.reddit.com/r/AmItheAsshole/comments/1iclo7h/aita_asked_for_my_house_keys_back_from_my_mother/
2025-01-29 23:40:44,AmItheAsshole,AITA for how I handled my son’s girlfriend spending the night?,2708,1173,https://old.reddit.com/r/AmItheAsshole/comments/1ichuga/aita_for_how_i_handled_my_sons_girlfriend/
2025-01-29 23:40:44,AmItheAsshole,AITA for snapping at my husband for being “forcefully nice”?,2506,683,https://old.reddit.com/r/AmItheAsshole/comments/1icocce/aita_for_snapping_at_my_husband_for_being/
2025-01-29 23:48:15,AskReddit,"Those who currently work in US federal government, what’s the is current mood like?",7936,3726,https://old.reddit.com/r/AskReddit/comments/1ich8c0/those_who_currently_work_in_us_federal_government/
2025-01-29 23:48:15,AskReddit,Help reduce the risk of another overt hepatic encephalopathy episode in adults with XIFAXAN. Tap the profile for full Prescribing Information.,14,0,https://alb.reddit.com/cr?za=zGFoLPxv5aE86ivGzfQiR6Ljl318K-mWGaE9e0deTP255PI8ncLj4QRqldp0II4Gn4ABY_fffxtAw9opNwjafRW54wkTF2VljrRrJ6qXKSc0ceANQ3wt03I_eBE7uVyFfyWAT9IOYyS8LTgXyUTdJU8d68r0z4rHKkbBB9cS-N3ek1XIHDegWnA5k85euVmg5QNYeQrF5tOWASoPIgWXgmENO0cmVqFzAcdWyzv2Qf1laK0sKDWqwxNCiJKqjfsRZLektSuh0_Z9xWdJpjHFmuDoioT2YW5Ro5lCxEypvydwcCpYma_Ro3gNP6pz2dvpFe_4y53Y3leMw979cYEvoHTY5ZcK8CP6ZSbSW0oMveVDiyU78SuVuHZAeBXnSDz6MKM_JpscU6n6S1Ivd2ESb2UGgKVbYl_n8jazJnfGOHDkJu2WwUmaIn5xPLhNdqSPF1SU9p-1JBksb9J5EBAZHcgReXN-tYZ678cEYUHgnB3pGpYVdm25qBRlhVh72pDQ1DZCrDaQzCz_953G71rGImk5-SO5J2ZIH6ke9YVTYBg8FhXTsA&zp=sXRolCWvxXGsQ_69URybX-jg1U4wRd5WgqZ53pjMCxDyXZ-HPs88xopJFMM_3ycYPohHoWMGXv8bprONacq98NeAh9tt4YmU8B3QqFIECThjVg09Jvy636liVRO4dxFRwCgdVGIh1A1Eqzo_W-VpcAEr7O3axafYVK42oXZJ6UiECFG53ybiIYN9Y0BVq14Av-JQgIObEdU
2025-01-29 23:48:15,AskReddit,You're given a million of whatever you last googled. What is it?,6641,20832,https://old.reddit.com/r/AskReddit/comments/1ichgwc/youre_given_a_million_of_whatever_you_last/
2025-01-29 23:48:15,AskReddit,Whats the hottest thing your partner does unconsciously?,1303,938,https://old.reddit.com/r/AskReddit/comments/1icfuy7/whats_the_hottest_thing_your_partner_does/
2025-01-29 23:48:15,AskReddit,What is something you wish people in the world were less ignorant of?,613,698,https://old.reddit.com/r/AskReddit/comments/1icygar/what_is_something_you_wish_people_in_the_world/
2025-01-29 23:48:19,nosleep,"Someone installed a peephole in my roof, directly above my bed. I can’t tell how long it’s been there, but they've been watching me through it while I sleep.",161,13,https://old.reddit.com/r/nosleep/comments/1icjwz5/someone_installed_a_peephole_in_my_roof_directly/
2025-01-29 23:48:19,nosleep,Fuck HIPAA. My new patient lives in a basement and the reason why definitely shocked me.,131,32,https://old.reddit.com/r/nosleep/comments/1id2nab/fuck_hipaa_my_new_patient_lives_in_a_basement_and/
2025-01-29 23:48:19,nosleep,I inherited my parent's house. I didn’t know it came with a deadly collection,88,7,https://old.reddit.com/r/nosleep/comments/1icgvz8/i_inherited_my_parents_house_i_didnt_know_it_came/
2025-01-29 23:48:19,nosleep,"""Don't make your mother angry"" my grandma's last words",78,13,https://old.reddit.com/r/nosleep/comments/1icqc9n/dont_make_your_mother_angry_my_grandmas_last_words/
2025-01-29 23:48:19,nosleep,I Should Have Just Taken the Other Elevator,81,7,https://old.reddit.com/r/nosleep/comments/1icgegw/i_should_have_just_taken_the_other_elevator/
2025-01-29 23:48:23,AmItheAsshole,AITA for not allowing my children to call my mother “Honey”,3973,2312,https://old.reddit.com/r/AmItheAsshole/comments/1icywv6/aita_for_not_allowing_my_children_to_call_my/
2025-01-29 23:48:23,AmItheAsshole,Help reduce the risk of another overt hepatic encephalopathy episode in adults with XIFAXAN. Tap the profile for full Prescribing Information.,12,0,https://alb.reddit.com/cr?za=fEoPB-jZy6X7L3L_LMCw8yDIzQoXqugGXduMSyTizeyUga3gx6IdbEmRuNTpHMc9m6F1d_ZFMCpUg7HiKHpMNfJU8RwGUBFR3qT0ZB1AKk_R889GGvoRwKGeZOelo87IgRYBvQEVB8_8q0LhH3bDZ1JEafuDLJ-PsuIIv9p48P5vcFZ4pnE2mKj8wiWZ_YAHJ9XhgCRgkXrHxcWVZa8I7xbwzUtagcBRz5Nmb_t46AvRdWEb99-9ACQsMKNylARdg0YDqOaFq27Gn-f_791GLe3BtiHpHAnl0_idg6jiwgAaGW0p3mEJLj5pp1oOCAZEY0Cf_oHBq0Cgswl50JJynOUF4DpkLkvsvw75vArEQ-ILxeHu43kwL_YUhZ_w18ZI-xMCKC8rZ3U0NbRx7s-fyGo6n1W6b_Rm5M6057FIVyj1wVmSFRQIuchmZzb_1950tNUBWuIttBivpDwmD4oKmwaiTy9YQcsOH9lPm6j_qrOKRuq_g0HHL2VtXdeiNK4nPx-DEpDszWuQ40OKmnqjKn0zQgwdiF0CkTmv0ut4RYIAw3N-geH32mp2rESrtXDjBcwQwCfQlLCpgxGORyxyU7kO2Qg&zp=SBKL7Bjjg7XBQXLFO0IBmTuXsG4pmp953mALLjdIadSJN3EZg7NXkm-J_OwVSYEFTR9IgGD4VdTo155XpOwvtAWyosEaBY4ILe6-FDNkvDWePp8Sn4Ptn_0EssQdZUVVD1NLmmt75PEsFglUcr7Djvo12hBDEVl85FXlRWQYyomnRdJ2oPvrBSJlq_lzKe1vK5VPNpODtyY
2025-01-29 23:48:23,AmItheAsshole,AITA asked for my house keys back from my mother as she just lets herself in with no heads up and has walked into my bedroom too many times now while I am half asleep,2850,310,https://old.reddit.com/r/AmItheAsshole/comments/1iclo7h/aita_asked_for_my_house_keys_back_from_my_mother/
2025-01-29 23:48:23,AmItheAsshole,AITA for how I handled my son’s girlfriend spending the night?,2713,1174,https://old.reddit.com/r/AmItheAsshole/comments/1ichuga/aita_for_how_i_handled_my_sons_girlfriend/
2025-01-29 23:48:23,AmItheAsshole,AITA for snapping at my husband for being “forcefully nice”?,2515,687,https://old.reddit.com/r/AmItheAsshole/comments/1icocce/aita_for_snapping_at_my_husband_for_being/
2025-01-29 23:57:37,AskReddit,"Those who currently work in US federal government, what’s the is current mood like?",7969,3738,https://old.reddit.com/r/AskReddit/comments/1ich8c0/those_who_currently_work_in_us_federal_government/
2025-01-29 23:57:37,AskReddit,You're given a million of whatever you last googled. What is it?,6661,20877,https://old.reddit.com/r/AskReddit/comments/1ichgwc/youre_given_a_million_of_whatever_you_last/
2025-01-29 23:57:37,AskReddit,Whats the hottest thing your partner does unconsciously?,1312,948,https://old.reddit.com/r/AskReddit/comments/1icfuy7/whats_the_hottest_thing_your_partner_does/
2025-01-29 23:57:37,AskReddit,What is something you wish people in the world were less ignorant of?,627,701,https://old.reddit.com/r/AskReddit/comments/1icygar/what_is_something_you_wish_people_in_the_world/
2025-01-29 23:57:37,AskReddit,"You die and go to the afterlife. When you get there, you are allowed to have an hour long conversation with one person. Who do you talk to?",409,425,https://old.reddit.com/r/AskReddit/comments/1icsner/you_die_and_go_to_the_afterlife_when_you_get/
2025-01-29 23:57:42,nosleep,"Someone installed a peephole in my roof, directly above my bed. I can’t tell how long it’s been there, but they've been watching me through it while I sleep.",164,13,https://old.reddit.com/r/nosleep/comments/1icjwz5/someone_installed_a_peephole_in_my_roof_directly/
2025-01-29 23:57:42,nosleep,Fuck HIPAA. My new patient lives in a basement and the reason why definitely shocked me.,138,32,https://old.reddit.com/r/nosleep/comments/1id2nab/fuck_hipaa_my_new_patient_lives_in_a_basement_and/
2025-01-29 23:57:42,nosleep,I inherited my parent's house. I didn’t know it came with a deadly collection,88,7,https://old.reddit.com/r/nosleep/comments/1icgvz8/i_inherited_my_parents_house_i_didnt_know_it_came/
2025-01-29 23:57:42,nosleep,"""Don't make your mother angry"" my grandma's last words",81,13,https://old.reddit.com/r/nosleep/comments/1icqc9n/dont_make_your_mother_angry_my_grandmas_last_words/
2025-01-29 23:57:42,nosleep,I Should Have Just Taken the Other Elevator,82,7,https://old.reddit.com/r/nosleep/comments/1icgegw/i_should_have_just_taken_the_other_elevator/
2025-01-29 23:57:46,AmItheAsshole,AITA for not allowing my children to call my mother “Honey”,4036,2343,https://old.reddit.com/r/AmItheAsshole/comments/1icywv6/aita_for_not_allowing_my_children_to_call_my/
2025-01-29 23:57:46,AmItheAsshole,AITA asked for my house keys back from my mother as she just lets herself in with no heads up and has walked into my bedroom too many times now while I am half asleep,2876,311,https://old.reddit.com/r/AmItheAsshole/comments/1iclo7h/aita_asked_for_my_house_keys_back_from_my_mother/
2025-01-29 23:57:46,AmItheAsshole,AITA for how I handled my son’s girlfriend spending the night?,2735,1176,https://old.reddit.com/r/AmItheAsshole/comments/1ichuga/aita_for_how_i_handled_my_sons_girlfriend/
2025-01-29 23:57:46,AmItheAsshole,AITA for snapping at my husband for being “forcefully nice”?,2531,690,https://old.reddit.com/r/AmItheAsshole/comments/1icocce/aita_for_snapping_at_my_husband_for_being/
2025-01-29 23:57:46,AmItheAsshole,AITA for making my husband leave work to return my keys,2366,685,https://old.reddit.com/r/AmItheAsshole/comments/1icg6ll/aita_for_making_my_husband_leave_work_to_return/
2025-01-30 00:14:35,AskReddit,"Arc'teryx takes back gear that isn't being used, and refurbishes it with the same obsessive design that built it, to extend its active life beyond one adventure or user.",0,0,https://alb.reddit.com/cr?za=BGjLE1341NIMovoqERnB9b4T6vo1V6sCfHkJjo858rWkK2CRGGWO09S0eQa7fgw93ijDicWTWlo_A2e40KWaozQG3UaXtlknLUrJYgAtRO25e_XL9UoM2YCCABk7_OWbjOmKTGFS1JaWOGCEinLdWEGuyYMmtsM523kdFMBE0tGbQbg3ho5-rKgvkFhPBE6nFLdL_7sMzRdVU2I-sgjGMTjGTDHiMJrinkD-9N-KzRUuCjLvPJYRIaVngMm8hODlsIG060xw0mkJrJhGCAYjlytMYgSPP78OumBj0iPyHcDUesLwJPYO5G-bL7lCzFUxGE2sp74jrE56jqDnrm-SoHLbXk0rcxmcqxNwE338PQQh8tw3bIz_8U8VOI7QX26UiNN99MH4ybU8ezso3b3Kxa8jhwwodDzSAFOF2udmpo98kLfA08tsbO2KFt7tQwn-77iseWIKC3WrvbAYv16vOw9ilho12v4pDno6GSCFJT-6S1wEDhf6X2IhVJR4FwxcN9FY2L3jphCoE0_F1OO7FHtygeLijmDn9xGhHv8dArRb82BuFKex4rG5oHFnJj5kY82EdBvibd12bdU&zp=r99t8LzbOkikNYljuVeFrsw3w7yDCEB4SIaTo8ctEwXeiEO0te4o2Umg9zT0NWKlUulgjJovZVJYBdol7Wq36c2oDvvzImtDXB99AUbue6xoprIPPe3lmOSqVtQil6XRiBPYu_JLbsLwinbaO4wbJQ5b0g4r5C-iF_ySS6itflAaz58OeZ3ALzL5v5TLLkDKehlyBbAY7aXkW12POuzzxQgr9kaQ9N7en0_SjIQ_tTOfYUZV3Bnx3j0cK5kZjFonseuxgIxnP7B6AVddRTV7YhkLspcqX-HR2QR0YwMg1WN5ewnktv3JVqQTjPBkabc8dMdvCywoeOMcmOR15Rua3nG2GleQJ_HtENliQZu7GP6KTyauGhLlhAms8oX4bjG0slxt8WzdwM1koH3ky0gkfVh9CLsASWwRkDieImDzV-bVFjdaRNgb5cMdwCOUfjMn3bvWuUt_yryKJjuhJbb9-oYNBRpTBm84bn3pzNVArGjlnGrBCY8dXjMUzR43cg6VKxXo20TvTbV95jh0hpb7OvUkzh-KHoWrsw
2025-01-30 00:14:35,AskReddit,What is an animal you absolutely will not eat no matter what?,301,2094,https://old.reddit.com/r/AskReddit/comments/1id1k2b/what_is_an_animal_you_absolutely_will_not_eat_no/
2025-01-30 00:14:35,AskReddit,What is the female equivalent of watching your dad shave as a kid?,258,266,https://old.reddit.com/r/AskReddit/comments/1icr7ho/what_is_the_female_equivalent_of_watching_your/
2025-01-30 00:14:35,AskReddit,What is your best way to relax?,251,205,https://old.reddit.com/r/AskReddit/comments/1ics91x/what_is_your_best_way_to_relax/
2025-01-30 00:14:35,AskReddit,What location based immersive experiences made you cry?,230,133,https://old.reddit.com/r/AskReddit/comments/1id07ag/what_location_based_immersive_experiences_made/
2025-01-30 00:14:35,AskReddit,What’s a discontinued product or service that you desperately wish would come back?,204,1108,https://old.reddit.com/r/AskReddit/comments/1iciovu/whats_a_discontinued_product_or_service_that_you/
2025-01-30 00:14:35,AskReddit,What’s your favourite meme of all time?,193,157,https://old.reddit.com/r/AskReddit/comments/1icscfi/whats_your_favourite_meme_of_all_time/
2025-01-30 00:14:35,AskReddit,What social media trends do you think will be popular this year?,188,101,https://old.reddit.com/r/AskReddit/comments/1icsafs/what_social_media_trends_do_you_think_will_be/
2025-01-30 00:14:35,AskReddit,What mistake will you never repeat again?,92,228,https://old.reddit.com/r/AskReddit/comments/1id1t0l/what_mistake_will_you_never_repeat_again/
2025-01-30 00:14:35,AskReddit,"Got “avoid food allergies” on your wish list? YSK XOLAIR for food allergies is proven to significantly reduce allergic reactions due to accidental exposure to one or more foods. If taking XOLAIR, continue to practice food avoidance. Individual results may vary. Talk to an allergist about XOLAIR.",0,0,https://alb.reddit.com/cr?za=DCfj4TomFy7rMEuBvJncV9o4XEzizN6LOPmSPxZBRUBa3yoIg92jncaqvb64m2_I3AiK9W7BWq_wJeSCsVy4NyfX8sFkuWtOWXVl3CeRWerC9CjS0HkQhqn39iCludT_f1m3Vw-ZTo6g_rJRwIiD7-sKXmc65RJavbz6jMWJWqI1ANKV5a9MplKGkIdpvUoEdbwCyhaCf1ihDIoXU4KpWnsfviYvSEUl6oRsQXv7Gymtsyx_GwqirDWmgG4td6L38_9-X1c_SInWIiwPQKu6FQ0cFSzFOWm7Krd0Vg0JDP4xUEnT9RQ46gEvMSxGAZgG2J-VwiJh2Sl_aiYnQHovAWhbaw4cTsj5bpnec9uNawlHlfaHpRGfKu1HrE2l9aKzsns1m8Uu6TxUIM2y0sigUjAytUXPuGZr3b281DAegqtxq5tBuS24L1QBESiGqQtaZEqp7LP2LMMhXC30MkAqJU8WajNHIWSlTVcnCwT81jLVjLEcfyponlysdgi-NA8lzwXW-cDEqiM3siu-BR5d1soE1O5GrqV8Amc263OZsH4iUoXnXkCFW1ZaK-P2V1MyHYcx2p8_M5R63mM&zp=ep2_9QIqeH-HIy1Sgf7dCb2c9uA6-U5D8P_N1eW1r7LJllDQ7WMmL-Ggeocq1RKPeTdR9SQ7wRrHjUtLhYjwMTzBsaiLJcUdZpxEq8T3JL7-AY-w2ix2fXs38B9tF8Z6GEbZxX_lT3f7ajF2rPP3uoCZ8HNhIwUfEOA7w4FHwKIGMEEBy1IJCsg-suwl0b5DQ4cXCj7eS9Rj76f2y4k48S0bQBcHkrkbafMQjZgneP1vbzIXiCReLK35igNUORRuZjPoewjcCvqFAPSpKGQGoNwf_nkYt9xTI1-9o2PwY5F8mtEM4QzG1TWXa9peX4WXzJMY0nmAPM2puWeQBP3zZS2AkJokE5bJiZdEK1BD-X4Gi27fBbIt0w7jd-z42lMBPdQ
2025-01-30 00:14:41,nosleep,"The other day, I met a man at the bar.",38,2,https://old.reddit.com/r/nosleep/comments/1icj3kb/the_other_day_i_met_a_man_at_the_bar/
2025-01-30 00:14:48,AmItheAsshole,The legend of King Arthur begins now! Experience a new world of strategy RPG on Steam!,0,0,https://alb.reddit.com/cr?za=1j3sxuy93yXm3HgEk0fD2WutdNTbxXlsNAcWI5bs2JYMqFe31dsvWdvPkJFT8eDl-YZbEV6ygc7E24JyavZNo2n8KVgbVY2DOVzMiV1N1Jiq092HWq5T77GnTJusWr4zNV1IPcNpHgxsQK-DXWgn9G1gNgksAzGfp7KQ_GmZstLKV0qV3-tD2vjMHH3_AFw3TtT4U1Em-WSIPmnuXUBJ06q_kej8jFu__DzRLzTTJrHHWKhIIoRXMiwnMiQO1kWmjG_NMuNIkOlTUSSOyAGr3SapHpn6znWgyninpCdhlDHNFYqpr6OrmMyO3RtNQy--ueQgNOylSM5enLPxi4_WiRiuwNYbFnnLTuNgDLTL885xi27EMTHWjClED3gLSOn-goE3LkbafQwX2RE09GqQNqitPNRLSJrwIdSbkvnVwsAEnyNOm43D8fOj634y5-xOMFhIyUIFnxd21mXkl_FVibxMLTUlvGIM1LdNbJe-H5EMYdB9tK2dO0bMyJ7K70IhyIgjQTRcp6nHUAN4z4ApBdwrdVoQXxU-xYfMVYDxBTEETUpvBpMSCemtjYPHGZQ&zp=j9SsSNxj36cJGV7P5sH_XcjbkLt5jpwAAO6HT3tqlzCh3HGvrT2Ir907vHffK6hAjPqIqMo1ze-d-oO9rKaB1G_JI8OWJkxufiM2K2a2GHE6JDl-B3qkwtLYdW7SZP8J3Wvj30L7thSXI1QjfrLA4W9Tk1nir4eBSy5wuZn8RAPfaPvYY5k4ve_FqiVe3UFRlaFozGdyX1_AoTUKO9VEmekVQNrSW9X-zOJY7-uYabdTxrbDcZsyNC2NFXJyPGGsgv_uqwhhSC4zxNn-yJTmcaEUjvwA7mj7QTmy0fxfpBdMDXGkVbOvqQ
